Restaurant,Delivery_Time
ID_2842,33minutes
ID_730,30minutes
ID_4620,49minutes
ID_5470,44minutes
ID_3249,40minutes
ID_506,35minutes
ID_8321,33minutes
ID_4559,42minutes
ID_7982,34minutes
ID_2869,54minutes
ID_2728,33minutes
ID_3977,42minutes
ID_494,30minutes
ID_2213,45minutes
ID_6897,33minutes
ID_2152,33minutes
ID_3128,30minutes
ID_2538,30minutes
ID_5445,30minutes
ID_774,42minutes
ID_1977,37minutes
ID_4865,36minutes
ID_6598,40minutes
ID_8484,52minutes
ID_5668,30minutes
ID_7048,33minutes
ID_4175,38minutes
ID_2866,36minutes
ID_488,42minutes
ID_1542,30minutes
ID_8435,36minutes
ID_1201,41minutes
ID_3461,48minutes
ID_4387,40minutes
ID_7687,51minutes
ID_7925,46minutes
ID_4216,36minutes
ID_3547,31minutes
ID_2306,57minutes
ID_7709,33minutes
ID_1142,47minutes
ID_4299,45minutes
ID_5505,34minutes
ID_3311,40minutes
ID_4333,33minutes
ID_6179,51minutes
ID_6576,33minutes
ID_1875,31minutes
ID_4906,37minutes
ID_286,31minutes
ID_2367,42minutes
ID_6030,30minutes
ID_6944,30minutes
ID_6955,53minutes
ID_3914,50minutes
ID_1328,31minutes
ID_6039,45minutes
ID_6550,30minutes
ID_1989,31minutes
ID_5826,30minutes
ID_3999,30minutes
ID_5812,30minutes
ID_7282,44minutes
ID_282,33minutes
ID_1683,41minutes
ID_5852,47minutes
ID_7295,39minutes
ID_4835,43minutes
ID_2574,30minutes
ID_7493,42minutes
ID_4789,33minutes
ID_6245,31minutes
ID_423,52minutes
ID_5972,54minutes
ID_4159,42minutes
ID_6042,30minutes
ID_4973,34minutes
ID_8231,51minutes
ID_4387,31minutes
ID_6203,30minutes
ID_5021,37minutes
ID_3834,42minutes
ID_2098,30minutes
ID_4766,45minutes
ID_5088,45minutes
ID_3499,30minutes
ID_4919,44minutes
ID_766,30minutes
ID_756,31minutes
ID_5982,30minutes
ID_4505,30minutes
ID_5555,31minutes
ID_2941,30minutes
ID_7001,31minutes
ID_7184,30minutes
ID_5092,51minutes
ID_7648,40minutes
ID_4622,33minutes
ID_1712,31minutes
ID_3686,30minutes
ID_4792,46minutes
ID_4922,39minutes
ID_5638,30minutes
ID_1871,59minutes
ID_4404,43minutes
ID_4372,30minutes
ID_8041,31minutes
ID_3497,44minutes
ID_7260,30minutes
ID_3871,54minutes
ID_6045,36minutes
ID_754,45minutes
ID_8303,36minutes
ID_1083,36minutes
ID_5104,30minutes
ID_6623,30minutes
ID_2374,30minutes
ID_4598,42minutes
ID_2663,30minutes
ID_5708,63minutes
ID_3578,39minutes
ID_413,39minutes
ID_1008,30minutes
ID_8570,44minutes
ID_2935,46minutes
ID_4067,38minutes
ID_6902,41minutes
ID_188,33minutes
ID_4336,51minutes
ID_4433,30minutes
ID_6028,31minutes
ID_3927,30minutes
ID_2818,39minutes
ID_4637,59minutes
ID_3314,33minutes
ID_4657,55minutes
ID_3594,31minutes
ID_2279,30minutes
ID_5562,33minutes
ID_1536,41minutes
ID_2789,52minutes
ID_6727,30minutes
ID_220,30minutes
ID_3138,30minutes
ID_8546,44minutes
ID_7295,33minutes
ID_8405,38minutes
ID_1941,33minutes
ID_8488,35minutes
ID_5771,33minutes
ID_7159,57minutes
ID_469,30minutes
ID_1442,39minutes
ID_430,34minutes
ID_8641,30minutes
ID_7700,33minutes
ID_8418,42minutes
ID_1333,42minutes
ID_6961,38minutes
ID_8214,30minutes
ID_3937,40minutes
ID_4588,30minutes
ID_2585,31minutes
ID_1527,31minutes
ID_5967,41minutes
ID_4218,30minutes
ID_7445,30minutes
ID_416,36minutes
ID_6542,30minutes
ID_7595,38minutes
ID_8418,42minutes
ID_7182,37minutes
ID_6140,30minutes
ID_5423,30minutes
ID_6034,30minutes
ID_5615,42minutes
ID_4056,42minutes
ID_3304,37minutes
ID_4695,33minutes
ID_7682,30minutes
ID_718,45minutes
ID_5404,36minutes
ID_3231,43minutes
ID_4761,52minutes
ID_2486,40minutes
ID_6811,39minutes
ID_6110,35minutes
ID_452,55minutes
ID_6626,48minutes
ID_8432,30minutes
ID_1186,31minutes
ID_6365,53minutes
ID_6379,40minutes
ID_3353,34minutes
ID_3426,43minutes
ID_830,43minutes
ID_5032,34minutes
ID_1557,36minutes
ID_6922,35minutes
ID_5117,30minutes
ID_2343,33minutes
ID_5219,35minutes
ID_7727,52minutes
ID_4564,47minutes
ID_615,30minutes
ID_6748,37minutes
ID_1478,30minutes
ID_4654,37minutes
ID_8657,31minutes
ID_2690,36minutes
ID_5380,31minutes
ID_7811,37minutes
ID_7682,50minutes
ID_463,42minutes
ID_503,37minutes
ID_3878,30minutes
ID_6971,30minutes
ID_5660,31minutes
ID_5093,31minutes
ID_4890,40minutes
ID_2717,30minutes
ID_1466,43minutes
ID_5442,53minutes
ID_4216,40minutes
ID_7750,55minutes
ID_4656,38minutes
ID_4154,30minutes
ID_1954,37minutes
ID_2089,55minutes
ID_3077,30minutes
ID_1443,31minutes
ID_2483,44minutes
ID_1399,30minutes
ID_7150,39minutes
ID_2776,30minutes
ID_1158,31minutes
ID_5664,37minutes
ID_6161,31minutes
ID_249,30minutes
ID_6951,36minutes
ID_7501,33minutes
ID_2724,29minutes
ID_8362,30minutes
ID_81,44minutes
ID_6163,41minutes
ID_138,36minutes
ID_5570,31minutes
ID_2658,30minutes
ID_5321,30minutes
ID_6439,40minutes
ID_4691,31minutes
ID_3010,33minutes
ID_8171,65minutes
ID_3680,39minutes
ID_8535,45minutes
ID_3390,30minutes
ID_1559,47minutes
ID_6153,43minutes
ID_208,36minutes
ID_3343,36minutes
ID_302,34minutes
ID_5518,30minutes
ID_6675,30minutes
ID_7102,30minutes
ID_2979,41minutes
ID_6547,51minutes
ID_2159,36minutes
ID_538,59minutes
ID_5974,31minutes
ID_7497,30minutes
ID_5616,67minutes
ID_2433,30minutes
ID_6281,41minutes
ID_4072,36minutes
ID_5538,42minutes
ID_458,38minutes
ID_4766,33minutes
ID_1209,42minutes
ID_5517,38minutes
ID_7368,65minutes
ID_7768,47minutes
ID_2009,40minutes
ID_1209,46minutes
ID_3363,34minutes
ID_7962,42minutes
ID_1156,40minutes
ID_7732,30minutes
ID_8601,53minutes
ID_1324,55minutes
ID_4877,34minutes
ID_7997,30minutes
ID_2340,31minutes
ID_1963,52minutes
ID_4654,56minutes
ID_7886,42minutes
ID_7440,30minutes
ID_7714,30minutes
ID_8084,35minutes
ID_2542,41minutes
ID_6809,30minutes
ID_457,44minutes
ID_3931,39minutes
ID_8646,34minutes
ID_18,47minutes
ID_7430,43minutes
ID_7086,31minutes
ID_7322,38minutes
ID_969,43minutes
ID_7654,46minutes
ID_6012,31minutes
ID_696,30minutes
ID_2793,40minutes
ID_1097,35minutes
ID_5771,43minutes
ID_6120,36minutes
ID_7937,59minutes
ID_5318,30minutes
ID_2542,40minutes
ID_1204,39minutes
ID_4742,43minutes
ID_3286,32minutes
ID_6968,48minutes
ID_1024,31minutes
ID_5892,46minutes
ID_8179,31minutes
ID_2276,39minutes
ID_5757,30minutes
ID_3873,31minutes
ID_2502,31minutes
ID_5082,33minutes
ID_4374,43minutes
ID_3341,30minutes
ID_7926,33minutes
ID_1293,38minutes
ID_1140,47minutes
ID_7384,36minutes
ID_2062,36minutes
ID_3559,31minutes
ID_2993,30minutes
ID_4897,30minutes
ID_4664,43minutes
ID_1630,30minutes
ID_8640,61minutes
ID_4456,31minutes
ID_7348,34minutes
ID_3490,30minutes
ID_3044,44minutes
ID_1091,57minutes
ID_7176,30minutes
ID_694,36minutes
ID_8089,40minutes
ID_1408,31minutes
ID_185,45minutes
ID_6549,33minutes
ID_3321,31minutes
ID_3799,36minutes
ID_299,34minutes
ID_3781,42minutes
ID_270,30minutes
ID_5378,31minutes
ID_2491,35minutes
ID_2752,61minutes
ID_3181,30minutes
ID_8585,31minutes
ID_4797,33minutes
ID_3828,45minutes
ID_1326,33minutes
ID_6966,30minutes
ID_2534,31minutes
ID_851,30minutes
ID_2302,30minutes
ID_5708,33minutes
ID_7543,21minutes
ID_7992,30minutes
ID_2284,36minutes
ID_8195,53minutes
ID_7129,40minutes
ID_3051,44minutes
ID_2974,48minutes
ID_1412,30minutes
ID_1592,39minutes
ID_4077,43minutes
ID_2402,36minutes
ID_1534,33minutes
ID_8648,33minutes
ID_6607,51minutes
ID_7241,31minutes
ID_2940,47minutes
ID_1353,30minutes
ID_8603,32minutes
ID_1111,31minutes
ID_603,45minutes
ID_4435,41minutes
ID_5860,30minutes
ID_5727,52minutes
ID_204,30minutes
ID_4727,46minutes
ID_6605,36minutes
ID_1973,30minutes
ID_1978,38minutes
ID_106,30minutes
ID_3873,30minutes
ID_5949,30minutes
ID_1030,30minutes
ID_6970,31minutes
ID_7815,37minutes
ID_3681,30minutes
ID_449,31minutes
ID_8197,33minutes
ID_4472,42minutes
ID_3202,45minutes
ID_787,40minutes
ID_7701,44minutes
ID_3424,34minutes
ID_3646,61minutes
ID_5782,36minutes
ID_6163,43minutes
ID_195,30minutes
ID_3738,59minutes
ID_1369,34minutes
ID_7626,31minutes
ID_3714,30minutes
ID_6708,45minutes
ID_4422,40minutes
ID_3566,40minutes
ID_2832,47minutes
ID_2415,37minutes
ID_7770,55minutes
ID_259,42minutes
ID_8617,33minutes
ID_7990,36minutes
ID_5834,30minutes
ID_347,39minutes
ID_3663,30minutes
ID_8563,33minutes
ID_2242,30minutes
ID_5793,31minutes
ID_2496,30minutes
ID_6613,30minutes
ID_5311,39minutes
ID_3677,36minutes
ID_5939,31minutes
ID_2833,30minutes
ID_2871,30minutes
ID_7750,48minutes
ID_7883,61minutes
ID_3723,39minutes
ID_285,30minutes
ID_3828,30minutes
ID_3953,35minutes
ID_8652,38minutes
ID_8293,45minutes
ID_7069,34minutes
ID_3841,30minutes
ID_1481,48minutes
ID_6978,45minutes
ID_79,30minutes
ID_1333,42minutes
ID_5682,45minutes
ID_1669,30minutes
ID_8464,33minutes
ID_1076,43minutes
ID_3972,45minutes
ID_272,33minutes
ID_1572,43minutes
ID_4832,30minutes
ID_1950,40minutes
ID_1508,30minutes
ID_7043,30minutes
ID_7923,36minutes
ID_6500,35minutes
ID_7154,53minutes
ID_7067,44minutes
ID_5035,32minutes
ID_8507,42minutes
ID_2267,47minutes
ID_1871,30minutes
ID_7276,42minutes
ID_6625,31minutes
ID_8068,30minutes
ID_3026,31minutes
ID_8621,36minutes
ID_2195,39minutes
ID_485,31minutes
ID_6899,31minutes
ID_1521,45minutes
ID_2530,33minutes
ID_5194,30minutes
ID_780,47minutes
ID_2773,35minutes
ID_6660,30minutes
ID_3017,31minutes
ID_2820,38minutes
ID_88,37minutes
ID_4964,29minutes
ID_1461,50minutes
ID_336,35minutes
ID_6504,30minutes
ID_4077,39minutes
ID_5991,36minutes
ID_5252,38minutes
ID_3987,30minutes
ID_338,34minutes
ID_5880,31minutes
ID_460,57minutes
ID_2434,32minutes
ID_5330,33minutes
ID_4482,30minutes
ID_2653,31minutes
ID_6880,40minutes
ID_7763,34minutes
ID_1916,51minutes
ID_3322,33minutes
ID_6038,40minutes
ID_5145,34minutes
ID_4818,30minutes
ID_7501,30minutes
ID_6353,43minutes
ID_1033,30minutes
ID_8015,33minutes
ID_4193,45minutes
ID_1994,33minutes
ID_161,30minutes
ID_1346,30minutes
ID_4060,30minutes
ID_6987,30minutes
ID_2528,31minutes
ID_4575,30minutes
ID_7184,31minutes
ID_5614,30minutes
ID_2148,33minutes
ID_128,43minutes
ID_3746,33minutes
ID_680,33minutes
ID_1438,31minutes
ID_7646,30minutes
ID_4532,45minutes
ID_8173,31minutes
ID_820,30minutes
ID_380,31minutes
ID_6935,30minutes
ID_4857,63minutes
ID_2010,30minutes
ID_1656,47minutes
ID_4280,31minutes
ID_7483,34minutes
ID_3028,30minutes
ID_6265,44minutes
ID_911,34minutes
ID_8495,30minutes
ID_222,33minutes
ID_2610,48minutes
ID_8563,47minutes
ID_7026,47minutes
ID_7617,39minutes
ID_123,33minutes
ID_8153,45minutes
ID_7867,55minutes
ID_6322,75minutes
ID_2778,43minutes
ID_7201,33minutes
ID_5298,47minutes
ID_4273,39minutes
ID_1500,31minutes
ID_48,58minutes
ID_3112,44minutes
ID_2494,30minutes
ID_4745,46minutes
ID_2451,29minutes
ID_2569,47minutes
ID_7166,30minutes
ID_279,31minutes
ID_1528,30minutes
ID_3947,42minutes
ID_3736,33minutes
ID_8297,47minutes
ID_5270,33minutes
ID_2882,46minutes
ID_2866,30minutes
ID_1888,36minutes
ID_4851,30minutes
ID_2126,30minutes
ID_7613,37minutes
ID_4877,30minutes
ID_7025,33minutes
ID_1977,30minutes
ID_6188,30minutes
ID_8352,31minutes
ID_3699,36minutes
ID_6916,59minutes
ID_4192,30minutes
ID_1735,30minutes
ID_5002,36minutes
ID_5690,33minutes
ID_2535,30minutes
ID_4562,31minutes
ID_6899,58minutes
ID_2386,48minutes
ID_6334,51minutes
ID_1587,40minutes
ID_7854,49minutes
ID_5045,43minutes
ID_2301,58minutes
ID_694,45minutes
ID_7142,47minutes
ID_3212,47minutes
ID_3759,31minutes
ID_6583,31minutes
ID_1178,30minutes
ID_5157,30minutes
ID_3927,43minutes
ID_7230,31minutes
ID_1814,30minutes
ID_4373,35minutes
ID_6903,66minutes
ID_2542,41minutes
ID_2672,33minutes
ID_2961,30minutes
ID_2813,34minutes
ID_1798,30minutes
ID_8511,33minutes
ID_2305,43minutes
ID_1576,46minutes
ID_396,31minutes
ID_3537,31minutes
ID_8110,64minutes
ID_6205,30minutes
ID_7543,35minutes
ID_867,45minutes
ID_417,44minutes
ID_244,52minutes
ID_1660,43minutes
ID_4262,40minutes
ID_7738,35minutes
ID_5934,30minutes
ID_4864,38minutes
ID_4846,30minutes
ID_2601,58minutes
ID_4671,48minutes
ID_4760,40minutes
ID_6668,36minutes
ID_5792,39minutes
ID_2720,33minutes
ID_3298,33minutes
ID_1200,39minutes
ID_7476,49minutes
ID_7338,33minutes
ID_1413,44minutes
ID_1398,30minutes
ID_8160,30minutes
ID_4309,36minutes
ID_977,34minutes
ID_879,36minutes
ID_7746,31minutes
ID_617,39minutes
ID_7141,35minutes
ID_7864,42minutes
ID_6000,41minutes
ID_5597,45minutes
ID_4163,53minutes
ID_3891,33minutes
ID_3815,33minutes
ID_150,31minutes
ID_8373,30minutes
ID_1209,35minutes
ID_7146,42minutes
ID_4486,34minutes
ID_6467,41minutes
ID_7440,48minutes
ID_7740,30minutes
ID_698,31minutes
ID_6333,48minutes
ID_5667,31minutes
ID_2381,57minutes
ID_4361,46minutes
ID_720,33minutes
ID_6671,30minutes
ID_3876,30minutes
ID_2153,30minutes
ID_1163,42minutes
ID_4752,30minutes
ID_7600,34minutes
ID_4906,31minutes
ID_8168,49minutes
ID_5287,41minutes
ID_4698,55minutes
ID_3601,31minutes
ID_5649,36minutes
ID_2707,30minutes
ID_2736,40minutes
ID_1168,33minutes
ID_228,43minutes
ID_598,37minutes
ID_2364,41minutes
ID_6499,40minutes
ID_7799,45minutes
ID_5309,30minutes
ID_4060,30minutes
ID_5109,30minutes
ID_6841,56minutes
ID_8516,35minutes
ID_3944,40minutes
ID_4331,30minutes
ID_5244,51minutes
ID_3291,45minutes
ID_7983,37minutes
ID_2838,36minutes
ID_1307,35minutes
ID_2493,30minutes
ID_3384,46minutes
ID_4321,30minutes
ID_5120,30minutes
ID_446,30minutes
ID_4654,46minutes
ID_1056,33minutes
ID_6161,49minutes
ID_3668,35minutes
ID_6058,51minutes
ID_6029,40minutes
ID_7642,45minutes
ID_841,61minutes
ID_2271,35minutes
ID_1363,42minutes
ID_4251,30minutes
ID_3409,43minutes
ID_1577,43minutes
ID_6822,47minutes
ID_7991,30minutes
ID_4906,54minutes
ID_7168,30minutes
ID_6520,30minutes
ID_1652,45minutes
ID_6257,39minutes
ID_6207,45minutes
ID_4898,30minutes
ID_4736,44minutes
ID_6008,30minutes
ID_5977,40minutes
ID_1337,51minutes
ID_629,30minutes
ID_1015,31minutes
ID_8058,49minutes
ID_1880,30minutes
ID_6770,33minutes
ID_4547,39minutes
ID_3543,31minutes
ID_7833,44minutes
ID_8332,33minutes
ID_115,57minutes
ID_1580,45minutes
ID_4960,30minutes
ID_2674,44minutes
ID_7035,30minutes
ID_7392,45minutes
ID_740,42minutes
ID_2992,30minutes
ID_8294,35minutes
ID_5933,42minutes
ID_404,30minutes
ID_7583,34minutes
ID_4471,37minutes
ID_3445,44minutes
ID_2917,30minutes
ID_1666,47minutes
ID_2797,33minutes
ID_8630,30minutes
ID_8378,31minutes
ID_1789,39minutes
ID_1601,38minutes
ID_6783,30minutes
ID_3846,48minutes
ID_2535,48minutes
ID_5331,46minutes
ID_3075,30minutes
ID_4334,30minutes
ID_1708,37minutes
ID_3174,43minutes
ID_574,30minutes
ID_6559,31minutes
ID_8337,33minutes
ID_3410,35minutes
ID_6189,30minutes
ID_6467,36minutes
ID_554,49minutes
ID_7687,47minutes
ID_7409,30minutes
ID_4752,31minutes
ID_6366,33minutes
ID_5533,51minutes
ID_1169,30minutes
ID_7645,56minutes
ID_442,35minutes
ID_1816,49minutes
ID_7734,30minutes
ID_1209,34minutes
ID_5240,42minutes
ID_2565,30minutes
ID_1999,30minutes
ID_2660,42minutes
ID_3401,42minutes
ID_5652,48minutes
ID_4946,38minutes
ID_4178,33minutes
ID_6853,43minutes
ID_1559,42minutes
ID_6416,30minutes
ID_1454,31minutes
ID_5286,48minutes
ID_4482,30minutes
ID_5062,71minutes
ID_6401,33minutes
ID_6509,30minutes
ID_2077,31minutes
ID_5606,30minutes
ID_7806,30minutes
ID_4473,30minutes
ID_2208,30minutes
ID_8145,51minutes
ID_1356,47minutes
ID_4938,46minutes
ID_8016,55minutes
ID_3773,30minutes
ID_4932,41minutes
ID_6220,36minutes
ID_1657,31minutes
ID_3450,30minutes
ID_3275,33minutes
ID_1003,30minutes
ID_1100,31minutes
ID_6322,31minutes
ID_2191,43minutes
ID_1151,30minutes
ID_1330,43minutes
ID_4468,30minutes
ID_2152,47minutes
ID_7807,30minutes
ID_6989,36minutes
ID_2087,33minutes
ID_6264,30minutes
ID_3032,30minutes
ID_75,33minutes
ID_2269,36minutes
ID_1140,31minutes
ID_6323,31minutes
ID_3318,30minutes
ID_7131,31minutes
ID_6351,33minutes
ID_3523,30minutes
ID_7133,41minutes
ID_6377,38minutes
ID_2382,31minutes
ID_7003,36minutes
ID_486,32minutes
ID_2937,31minutes
ID_7256,30minutes
ID_3956,44minutes
ID_6616,31minutes
ID_799,39minutes
ID_4052,49minutes
ID_1812,36minutes
ID_1517,30minutes
ID_7367,59minutes
ID_1597,48minutes
ID_1874,30minutes
ID_5365,30minutes
ID_881,45minutes
ID_3519,31minutes
ID_6238,31minutes
ID_8472,30minutes
ID_2126,46minutes
ID_2954,45minutes
ID_8429,30minutes
ID_6229,31minutes
ID_4277,30minutes
ID_6225,30minutes
ID_3580,47minutes
ID_5522,30minutes
ID_6431,36minutes
ID_5973,30minutes
ID_2497,43minutes
ID_1487,30minutes
ID_541,30minutes
ID_3607,30minutes
ID_2068,45minutes
ID_3445,65minutes
ID_3186,30minutes
ID_3845,48minutes
ID_4934,31minutes
ID_7366,42minutes
ID_5620,39minutes
ID_4949,43minutes
ID_7652,31minutes
ID_525,43minutes
ID_2716,30minutes
ID_5578,42minutes
ID_3592,31minutes
ID_7517,37minutes
ID_8056,30minutes
ID_3084,46minutes
ID_3010,30minutes
ID_744,30minutes
ID_1166,33minutes
ID_6379,30minutes
ID_6105,37minutes
ID_6302,43minutes
ID_1633,51minutes
ID_5924,30minutes
ID_8511,44minutes
ID_4061,45minutes
ID_5658,30minutes
ID_2410,33minutes
ID_6056,49minutes
ID_5498,30minutes
ID_2641,30minutes
ID_4955,30minutes
ID_772,31minutes
ID_7477,33minutes
ID_7603,33minutes
ID_2369,42minutes
ID_3910,35minutes
ID_7287,46minutes
ID_7604,42minutes
ID_2295,59minutes
ID_7665,30minutes
ID_7200,31minutes
ID_1386,33minutes
ID_8511,33minutes
ID_5463,30minutes
ID_5881,45minutes
ID_6099,30minutes
ID_6136,33minutes
ID_3784,35minutes
ID_6438,33minutes
ID_5557,37minutes
ID_5070,50minutes
ID_977,61minutes
ID_8289,39minutes
ID_2183,43minutes
ID_6115,30minutes
ID_5427,33minutes
ID_3665,30minutes
ID_4852,30minutes
ID_5870,30minutes
ID_5777,30minutes
ID_2116,40minutes
ID_705,36minutes
ID_4272,30minutes
ID_6047,50minutes
ID_6371,30minutes
ID_5333,30minutes
ID_3976,30minutes
ID_4340,30minutes
ID_7328,36minutes
ID_6452,30minutes
ID_5462,30minutes
ID_4167,40minutes
ID_3671,36minutes
ID_7483,33minutes
ID_3653,30minutes
ID_7246,39minutes
ID_753,30minutes
ID_5347,30minutes
ID_54,33minutes
ID_5815,30minutes
ID_7279,31minutes
ID_7,38minutes
ID_7460,30minutes
ID_8113,30minutes
ID_2048,31minutes
ID_694,31minutes
ID_2725,39minutes
ID_26,29minutes
ID_4084,30minutes
ID_2449,42minutes
ID_8003,54minutes
ID_3945,30minutes
ID_854,36minutes
ID_171,33minutes
ID_7065,37minutes
ID_4569,31minutes
ID_173,30minutes
ID_2715,30minutes
ID_7049,31minutes
ID_1209,33minutes
ID_7661,30minutes
ID_7676,37minutes
ID_386,31minutes
ID_2368,46minutes
ID_847,49minutes
ID_5904,30minutes
ID_2965,43minutes
ID_49,30minutes
ID_538,34minutes
ID_846,30minutes
ID_5195,30minutes
ID_5182,35minutes
ID_5252,30minutes
ID_6009,34minutes
ID_6989,31minutes
ID_300,42minutes
ID_3369,33minutes
ID_7793,34minutes
ID_4756,38minutes
ID_8066,30minutes
ID_1209,31minutes
ID_6215,30minutes
ID_4319,34minutes
ID_1431,42minutes
ID_5740,34minutes
ID_5318,30minutes
ID_1768,30minutes
ID_406,33minutes
ID_4144,30minutes
ID_233,36minutes
ID_1949,33minutes
ID_2731,33minutes
ID_8129,35minutes
ID_3310,30minutes
ID_5201,40minutes
ID_855,51minutes
ID_5413,53minutes
ID_708,31minutes
ID_269,45minutes
ID_3936,34minutes
ID_4906,31minutes
ID_6206,40minutes
ID_2633,42minutes
ID_6113,32minutes
ID_4808,31minutes
ID_4299,31minutes
ID_3194,42minutes
ID_3546,30minutes
ID_5107,31minutes
ID_3480,30minutes
ID_5346,51minutes
ID_2787,40minutes
ID_2666,30minutes
ID_1154,31minutes
ID_8660,36minutes
ID_8223,34minutes
ID_2812,30minutes
ID_1196,49minutes
ID_3550,30minutes
ID_7902,30minutes
ID_8028,33minutes
ID_8442,43minutes
ID_6563,61minutes
ID_1874,41minutes
ID_706,39minutes
ID_5978,39minutes
ID_319,45minutes
ID_4776,30minutes
ID_7232,31minutes
ID_1760,47minutes
ID_5548,30minutes
ID_736,40minutes
ID_4375,30minutes
ID_4346,33minutes
ID_2624,40minutes
ID_6540,42minutes
ID_673,31minutes
ID_611,30minutes
ID_825,34minutes
ID_6387,30minutes
ID_4757,30minutes
ID_4766,36minutes
ID_6301,30minutes
ID_8070,31minutes
ID_5804,40minutes
ID_5194,33minutes
ID_116,30minutes
ID_4644,33minutes
ID_2888,30minutes
ID_8093,30minutes
ID_737,30minutes
ID_3472,40minutes
ID_209,37minutes
ID_4418,33minutes
ID_3864,45minutes
ID_4796,59minutes
ID_6101,32minutes
ID_375,39minutes
ID_432,34minutes
ID_2672,30minutes
ID_8347,30minutes
ID_5002,30minutes
ID_3856,33minutes
ID_4676,32minutes
ID_2677,39minutes
ID_847,81minutes
ID_5521,36minutes
ID_6318,30minutes
ID_7564,30minutes
ID_5535,35minutes
ID_385,39minutes
ID_8440,48minutes
ID_6229,36minutes
ID_4123,30minutes
ID_2941,34minutes
ID_7582,34minutes
ID_6754,37minutes
ID_7507,33minutes
ID_5532,38minutes
ID_8593,34minutes
ID_8305,31minutes
ID_4988,65minutes
ID_7414,30minutes
ID_847,35minutes
ID_2396,41minutes
ID_3611,47minutes
ID_3662,30minutes
ID_2601,59minutes
ID_3391,28minutes
ID_264,42minutes
ID_5148,31minutes
ID_7827,40minutes
ID_3203,30minutes
ID_6821,49minutes
ID_6898,34minutes
ID_3328,34minutes
ID_1015,31minutes
ID_4747,31minutes
ID_8443,30minutes
ID_834,36minutes
ID_989,34minutes
ID_6870,45minutes
ID_4607,30minutes
ID_6890,34minutes
ID_7994,39minutes
ID_6964,48minutes
ID_6582,31minutes
ID_3572,55minutes
ID_320,30minutes
ID_2363,31minutes
ID_6529,42minutes
ID_3285,30minutes
ID_3100,33minutes
ID_8495,40minutes
ID_5048,31minutes
ID_2566,30minutes
ID_3323,41minutes
ID_2758,63minutes
ID_2024,30minutes
ID_8394,39minutes
ID_1591,49minutes
ID_6270,31minutes
ID_8612,31minutes
ID_5652,40minutes
ID_3393,33minutes
ID_4593,47minutes
ID_6686,33minutes
ID_124,37minutes
ID_3388,33minutes
ID_1101,33minutes
ID_5900,36minutes
ID_7708,58minutes
ID_2483,30minutes
ID_7652,65minutes
ID_1835,36minutes
ID_8511,39minutes
ID_6579,30minutes
ID_7075,38minutes
ID_7428,49minutes
ID_4759,30minutes
ID_987,31minutes
ID_4980,54minutes
ID_7488,33minutes
ID_6421,43minutes
ID_4968,31minutes
ID_3449,38minutes
ID_8497,41minutes
ID_6303,40minutes
ID_4588,30minutes
ID_3431,30minutes
ID_2945,37minutes
ID_7159,30minutes
ID_5341,30minutes
ID_3327,31minutes
ID_4929,39minutes
ID_5936,37minutes
ID_4658,43minutes
ID_5129,30minutes
ID_7299,40minutes
ID_8464,30minutes
ID_3004,30minutes
ID_6661,30minutes
ID_6712,59minutes
ID_100,30minutes
ID_3123,30minutes
ID_2359,43minutes
ID_6308,35minutes
ID_4802,43minutes
ID_1784,30minutes
ID_1903,30minutes
ID_6850,40minutes
ID_2010,30minutes
ID_4110,31minutes
ID_416,55minutes
ID_4894,36minutes
ID_5193,30minutes
ID_7817,31minutes
ID_260,30minutes
ID_1433,31minutes
ID_8634,31minutes
ID_1351,30minutes
ID_6806,30minutes
ID_5041,59minutes
ID_3773,30minutes
ID_3563,38minutes
ID_1042,33minutes
ID_4602,37minutes
ID_5805,45minutes
ID_5903,39minutes
ID_5056,33minutes
ID_4606,30minutes
ID_8108,31minutes
ID_7598,31minutes
ID_8339,38minutes
ID_8236,65minutes
ID_4255,30minutes
ID_1015,41minutes
ID_5748,30minutes
ID_1364,30minutes
ID_5420,39minutes
ID_7444,43minutes
ID_6250,38minutes
ID_3779,30minutes
ID_135,47minutes
ID_6114,36minutes
ID_4371,39minutes
ID_7613,36minutes
ID_4613,34minutes
ID_5084,30minutes
ID_2319,43minutes
ID_449,44minutes
ID_5243,49minutes
ID_4865,41minutes
ID_4769,50minutes
ID_8276,33minutes
ID_7392,42minutes
ID_2034,30minutes
ID_5282,43minutes
ID_556,40minutes
ID_4733,33minutes
ID_2375,30minutes
ID_5708,30minutes
ID_8301,30minutes
ID_4779,30minutes
ID_2099,41minutes
ID_2371,36minutes
ID_868,46minutes
ID_7750,45minutes
ID_1056,34minutes
ID_5868,30minutes
ID_7871,30minutes
ID_8026,30minutes
ID_194,42minutes
ID_2907,30minutes
ID_5536,59minutes
ID_7260,42minutes
ID_720,46minutes
ID_1474,47minutes
ID_5443,37minutes
ID_5917,37minutes
ID_5625,45minutes
ID_8386,30minutes
ID_3499,33minutes
ID_1968,30minutes
ID_5005,42minutes
ID_1718,30minutes
ID_5002,33minutes
ID_5220,43minutes
ID_962,79minutes
ID_5671,33minutes
ID_847,41minutes
ID_2402,38minutes
ID_3902,29minutes
ID_331,47minutes
ID_2207,41minutes
ID_3254,31minutes
ID_5589,33minutes
ID_524,36minutes
ID_6773,30minutes
ID_958,42minutes
ID_2894,60minutes
ID_1491,30minutes
ID_7314,31minutes
ID_8631,27minutes
ID_3334,43minutes
ID_8554,33minutes
ID_7585,52minutes
ID_8177,31minutes
ID_743,30minutes
ID_7919,45minutes
ID_3958,33minutes
ID_2972,31minutes
ID_5102,36minutes
ID_2462,36minutes
ID_3211,30minutes
ID_5084,37minutes
ID_3339,43minutes
ID_2512,39minutes
ID_1585,39minutes
ID_6014,30minutes
ID_1140,39minutes
ID_1141,30minutes
ID_849,33minutes
ID_8513,30minutes
ID_6176,33minutes
ID_7572,36minutes
ID_4483,36minutes
ID_2712,43minutes
ID_8300,30minutes
ID_1387,38minutes
ID_1129,43minutes
ID_2113,30minutes
ID_2660,38minutes
ID_5145,30minutes
ID_1855,51minutes
ID_618,31minutes
ID_4013,30minutes
ID_370,30minutes
ID_6779,34minutes
ID_2511,40minutes
ID_3460,39minutes
ID_1525,44minutes
ID_2808,42minutes
ID_4616,34minutes
ID_3500,24minutes
ID_2879,43minutes
ID_4795,31minutes
ID_6798,30minutes
ID_7193,30minutes
ID_8570,41minutes
ID_7116,33minutes
ID_1691,31minutes
ID_590,43minutes
ID_8271,31minutes
ID_1866,30minutes
ID_4761,30minutes
ID_4808,47minutes
ID_2142,49minutes
ID_4781,61minutes
ID_7009,39minutes
ID_1410,36minutes
ID_8096,41minutes
ID_5039,40minutes
ID_7296,43minutes
ID_7308,30minutes
ID_7984,31minutes
ID_5055,30minutes
ID_3368,31minutes
ID_3301,58minutes
ID_5563,30minutes
ID_5050,49minutes
ID_5829,38minutes
ID_5795,49minutes
ID_5261,30minutes
ID_5202,30minutes
ID_562,45minutes
ID_6506,30minutes
ID_3186,37minutes
ID_3213,34minutes
ID_836,59minutes
ID_1528,30minutes
ID_2672,51minutes
ID_6427,30minutes
ID_7281,31minutes
ID_78,39minutes
ID_4719,30minutes
ID_2907,61minutes
ID_3213,43minutes
ID_4781,44minutes
ID_4542,30minutes
ID_3059,48minutes
ID_6524,30minutes
ID_4566,39minutes
ID_4891,31minutes
ID_5680,46minutes
ID_3034,35minutes
ID_7699,53minutes
ID_7573,38minutes
ID_4647,30minutes
ID_5842,66minutes
ID_4632,47minutes
ID_5742,31minutes
ID_7165,30minutes
ID_2423,41minutes
ID_1447,44minutes
ID_1140,45minutes
ID_8249,31minutes
ID_7091,45minutes
ID_7141,30minutes
ID_7738,40minutes
ID_4045,49minutes
ID_5877,31minutes
ID_8438,42minutes
ID_8320,30minutes
ID_1760,59minutes
ID_3892,37minutes
ID_6366,34minutes
ID_1478,33minutes
ID_2696,40minutes
ID_2066,38minutes
ID_1314,38minutes
ID_8010,30minutes
ID_7088,31minutes
ID_6342,30minutes
ID_6953,30minutes
ID_6833,40minutes
ID_626,50minutes
ID_3106,30minutes
ID_8159,42minutes
ID_1577,42minutes
ID_5297,31minutes
ID_6148,30minutes
ID_1511,43minutes
ID_3680,59minutes
ID_6213,30minutes
ID_6807,44minutes
ID_7543,30minutes
ID_6354,33minutes
ID_1117,42minutes
ID_4393,30minutes
ID_8079,31minutes
ID_1657,31minutes
ID_296,45minutes
ID_8405,31minutes
ID_4803,53minutes
ID_5415,49minutes
ID_5900,50minutes
ID_6775,31minutes
ID_3014,34minutes
ID_3689,39minutes
ID_128,49minutes
ID_3417,30minutes
ID_7471,35minutes
ID_7916,38minutes
ID_1851,31minutes
ID_1469,30minutes
ID_771,30minutes
ID_7086,30minutes
ID_4986,43minutes
ID_1716,45minutes
ID_6054,48minutes
ID_8371,46minutes
ID_4743,30minutes
ID_1162,44minutes
ID_2934,33minutes
ID_493,49minutes
ID_3541,30minutes
ID_766,31minutes
ID_3476,80minutes
ID_2095,31minutes
ID_3007,36minutes
ID_6512,30minutes
ID_5586,30minutes
ID_4895,49minutes
ID_1508,45minutes
ID_5729,46minutes
ID_8200,37minutes
ID_8379,55minutes
ID_7856,33minutes
ID_2136,30minutes
ID_3430,41minutes
ID_69,31minutes
ID_1249,37minutes
ID_3042,30minutes
ID_6653,36minutes
ID_8562,47minutes
ID_2912,46minutes
ID_3052,30minutes
ID_6388,52minutes
ID_7592,39minutes
ID_2958,30minutes
ID_1187,39minutes
ID_2444,36minutes
ID_2463,30minutes
ID_71,33minutes
ID_8003,30minutes
ID_6684,30minutes
ID_2694,38minutes
ID_6911,42minutes
ID_3583,37minutes
ID_6298,35minutes
ID_3272,33minutes
ID_6437,45minutes
ID_6864,43minutes
ID_5767,33minutes
ID_7564,31minutes
ID_1161,30minutes
ID_2985,43minutes
ID_566,35minutes
ID_1747,30minutes
ID_2529,39minutes
ID_164,30minutes
ID_2905,30minutes
ID_7684,36minutes
ID_3635,36minutes
ID_188,36minutes
ID_5026,43minutes
ID_8204,42minutes
ID_6239,55minutes
ID_3427,42minutes
ID_2483,55minutes
ID_7040,37minutes
ID_7288,30minutes
ID_5064,43minutes
ID_5251,42minutes
ID_2917,33minutes
ID_2864,47minutes
ID_458,42minutes
ID_6358,54minutes
ID_5864,39minutes
ID_8192,40minutes
ID_4823,37minutes
ID_7884,30minutes
ID_2520,55minutes
ID_3997,30minutes
ID_5654,31minutes
ID_6442,39minutes
ID_1911,32minutes
ID_840,33minutes
ID_7290,46minutes
ID_2055,30minutes
ID_6164,82minutes
ID_3181,30minutes
ID_4619,32minutes
ID_4166,31minutes
ID_5551,28minutes
ID_3167,30minutes
ID_2097,49minutes
ID_1730,30minutes
ID_7877,58minutes
ID_7056,38minutes
ID_3557,32minutes
ID_253,30minutes
ID_1418,32minutes
ID_2737,47minutes
ID_1748,41minutes
ID_3616,40minutes
ID_896,30minutes
ID_4497,37minutes
ID_1811,53minutes
ID_6216,49minutes
ID_4516,45minutes
ID_4831,30minutes
ID_6786,30minutes
ID_7903,30minutes
ID_2243,34minutes
ID_5253,38minutes
ID_2326,42minutes
ID_5236,37minutes
ID_1989,30minutes
ID_7584,42minutes
ID_3418,36minutes
ID_267,31minutes
ID_7591,39minutes
ID_7489,43minutes
ID_535,37minutes
ID_5234,30minutes
ID_6426,63minutes
ID_4654,35minutes
ID_2470,33minutes
ID_1259,30minutes
ID_5669,39minutes
ID_3762,30minutes
ID_3001,63minutes
ID_1846,46minutes
ID_2659,31minutes
ID_4961,39minutes
ID_662,44minutes
ID_5779,44minutes
ID_4191,57minutes
ID_6180,30minutes
ID_7418,30minutes
ID_2441,30minutes
ID_2845,34minutes
ID_5538,30minutes
ID_169,29minutes
ID_7188,33minutes
ID_7274,45minutes
ID_6451,40minutes
ID_4821,40minutes
ID_5947,43minutes
ID_7073,30minutes
ID_4692,46minutes
ID_586,44minutes
ID_4617,51minutes
ID_2084,39minutes
ID_4245,37minutes
ID_2128,42minutes
ID_5510,33minutes
ID_4683,38minutes
ID_6872,38minutes
ID_4266,49minutes
ID_4796,31minutes
ID_3333,36minutes
ID_4306,43minutes
ID_7553,34minutes
ID_8365,30minutes
ID_4989,34minutes
ID_7434,42minutes
ID_1469,38minutes
ID_4155,57minutes
ID_763,42minutes
ID_4309,30minutes
ID_5449,34minutes
ID_4707,34minutes
ID_1674,33minutes
ID_2920,30minutes
ID_8065,51minutes
ID_7695,40minutes
ID_4216,39minutes
ID_2124,30minutes
ID_3986,30minutes
ID_7161,31minutes
ID_2006,40minutes
ID_8067,31minutes
ID_917,43minutes
ID_2505,30minutes
ID_3409,42minutes
ID_6163,30minutes
ID_3789,30minutes
ID_5481,36minutes
ID_214,37minutes
ID_6291,42minutes
ID_5538,31minutes
ID_3272,38minutes
ID_4836,46minutes
ID_8046,46minutes
ID_2489,30minutes
ID_6412,30minutes
ID_4772,61minutes
ID_7450,45minutes
ID_6299,43minutes
ID_8348,30minutes
ID_8206,39minutes
ID_1209,30minutes
ID_5222,54minutes
ID_5236,51minutes
ID_3895,35minutes
ID_5339,30minutes
ID_2960,33minutes
ID_747,41minutes
ID_559,45minutes
ID_631,30minutes
ID_1060,33minutes
ID_7003,45minutes
ID_2661,53minutes
ID_1211,36minutes
ID_1188,43minutes
ID_8212,30minutes
ID_8129,31minutes
ID_8004,31minutes
ID_5714,33minutes
ID_3948,37minutes
ID_1473,30minutes
ID_3016,40minutes
ID_5738,70minutes
ID_1921,30minutes
ID_3768,31minutes
ID_2691,36minutes
ID_6958,33minutes
ID_4728,37minutes
ID_5284,30minutes
ID_7069,41minutes
ID_7573,33minutes
ID_2411,30minutes
ID_5835,30minutes
ID_6071,30minutes
ID_7633,54minutes
ID_8425,40minutes
ID_5378,30minutes
ID_4098,43minutes
ID_842,30minutes
ID_2315,30minutes
ID_5493,39minutes
ID_5853,39minutes
ID_7103,48minutes
ID_2047,43minutes
ID_7552,41minutes
ID_2439,33minutes
ID_921,61minutes
ID_7848,42minutes
ID_6553,39minutes
ID_1931,30minutes
ID_5677,31minutes
ID_3264,46minutes
ID_8309,31minutes
ID_5768,30minutes
ID_3704,33minutes
ID_5211,35minutes
ID_3287,44minutes
ID_5480,31minutes
ID_6205,30minutes
ID_8334,33minutes
ID_694,41minutes
ID_8308,42minutes
ID_5875,39minutes
ID_3697,45minutes
ID_4911,39minutes
ID_1106,30minutes
ID_51,40minutes
ID_5756,30minutes
ID_3999,30minutes
ID_4896,38minutes
ID_1573,31minutes
ID_943,33minutes
ID_3079,39minutes
ID_6239,46minutes
ID_2356,83minutes
ID_1497,38minutes
ID_5755,50minutes
ID_8040,36minutes
ID_449,30minutes
ID_2969,30minutes
ID_5321,37minutes
ID_8154,48minutes
ID_3827,31minutes
ID_8145,40minutes
ID_3246,43minutes
ID_6201,30minutes
ID_1498,30minutes
ID_4840,33minutes
ID_5013,30minutes
ID_775,35minutes
ID_1075,31minutes
ID_6357,55minutes
ID_8178,40minutes
ID_7069,34minutes
ID_6932,30minutes
ID_2351,43minutes
ID_2333,30minutes
ID_2818,30minutes
ID_2229,49minutes
ID_7052,30minutes
ID_5075,31minutes
ID_7084,39minutes
ID_235,31minutes
ID_1676,33minutes
ID_8281,34minutes
ID_6455,30minutes
ID_2083,47minutes
ID_827,40minutes
ID_934,37minutes
ID_7223,38minutes
ID_5162,33minutes
ID_3477,48minutes
ID_2428,41minutes
ID_7222,33minutes
ID_341,44minutes
ID_7975,30minutes
ID_7402,45minutes
ID_1209,30minutes
ID_3821,31minutes
ID_3747,45minutes
ID_4739,34minutes
ID_3645,58minutes
ID_6267,49minutes
ID_2940,34minutes
ID_307,66minutes
ID_1568,31minutes
ID_2631,30minutes
ID_1813,37minutes
ID_1475,33minutes
ID_2710,31minutes
ID_8496,31minutes
ID_1764,30minutes
ID_8377,35minutes
ID_5321,31minutes
ID_6134,44minutes
ID_3258,38minutes
ID_1409,31minutes
ID_5385,45minutes
ID_5901,30minutes
ID_7856,65minutes
ID_7729,59minutes
ID_728,42minutes
ID_5800,33minutes
ID_8191,43minutes
ID_5992,30minutes
ID_2129,30minutes
ID_1147,31minutes
ID_8626,62minutes
ID_8227,31minutes
ID_4976,30minutes
ID_2542,44minutes
ID_5785,49minutes
ID_7518,55minutes
ID_8497,33minutes
ID_7142,34minutes
ID_3011,30minutes
ID_996,30minutes
ID_5283,33minutes
ID_4280,29minutes
ID_5538,47minutes
ID_5268,43minutes
ID_7750,38minutes
ID_3978,46minutes
ID_7676,30minutes
ID_6522,31minutes
ID_6793,43minutes
ID_8642,36minutes
ID_2064,37minutes
ID_5116,34minutes
ID_6266,30minutes
ID_7105,41minutes
ID_7498,31minutes
ID_8117,50minutes
ID_7232,46minutes
ID_6515,30minutes
ID_1531,43minutes
ID_2483,30minutes
ID_448,31minutes
ID_431,47minutes
ID_7965,30minutes
ID_7325,30minutes
ID_3688,31minutes
ID_2712,49minutes
ID_1377,30minutes
ID_95,31minutes
ID_357,30minutes
ID_4122,46minutes
ID_2252,30minutes
ID_5069,42minutes
ID_144,30minutes
ID_8388,48minutes
ID_3754,47minutes
ID_1089,42minutes
ID_3837,42minutes
ID_5423,31minutes
ID_4947,31minutes
ID_8635,43minutes
ID_3150,30minutes
ID_8419,30minutes
ID_2518,30minutes
ID_1040,30minutes
ID_1415,45minutes
ID_5623,30minutes
ID_2849,30minutes
ID_8290,47minutes
ID_6846,34minutes
ID_6410,45minutes
ID_8397,31minutes
ID_7420,33minutes
ID_7713,31minutes
ID_5396,33minutes
ID_6049,30minutes
ID_950,31minutes
ID_3172,30minutes
ID_4696,49minutes
ID_3877,89minutes
ID_747,30minutes
ID_5891,30minutes
ID_5092,30minutes
ID_1790,31minutes
ID_244,45minutes
ID_715,30minutes
ID_3020,30minutes
ID_4057,30minutes
ID_5732,33minutes
ID_7565,31minutes
ID_500,34minutes
ID_2013,30minutes
ID_1202,30minutes
ID_5549,33minutes
ID_4548,49minutes
ID_7317,30minutes
ID_8076,30minutes
ID_3340,37minutes
ID_1020,31minutes
ID_2339,31minutes
ID_6922,37minutes
ID_549,30minutes
ID_423,41minutes
ID_112,49minutes
ID_3329,39minutes
ID_5211,36minutes
ID_2827,31minutes
ID_8047,42minutes
ID_1278,35minutes
ID_295,30minutes
ID_4939,49minutes
ID_1153,30minutes
ID_1154,51minutes
ID_5388,30minutes
ID_1811,52minutes
ID_1320,30minutes
ID_3364,80minutes
ID_6963,30minutes
ID_2665,53minutes
ID_2410,37minutes
ID_7182,31minutes
ID_4807,33minutes
ID_568,30minutes
ID_5437,44minutes
ID_5314,38minutes
ID_431,33minutes
ID_3365,31minutes
ID_563,33minutes
ID_8598,30minutes
ID_1997,55minutes
ID_5051,30minutes
ID_3286,31minutes
ID_1898,47minutes
ID_5577,45minutes
ID_8328,43minutes
ID_6018,47minutes
ID_10,33minutes
ID_1221,34minutes
ID_4131,31minutes
ID_163,38minutes
ID_6770,30minutes
ID_1702,30minutes
ID_4569,49minutes
ID_6863,32minutes
ID_5400,31minutes
ID_2367,30minutes
ID_35,30minutes
ID_7929,34minutes
ID_580,32minutes
ID_2725,30minutes
ID_1295,30minutes
ID_710,30minutes
ID_210,36minutes
ID_1983,63minutes
ID_7998,37minutes
ID_4968,36minutes
ID_2630,30minutes
ID_4715,39minutes
ID_7345,39minutes
ID_6688,30minutes
ID_1206,30minutes
ID_559,31minutes
ID_3132,40minutes
ID_4451,34minutes
ID_966,61minutes
ID_6501,30minutes
ID_2824,31minutes
ID_8485,30minutes
ID_21,31minutes
ID_1750,47minutes
ID_2874,31minutes
ID_6297,46minutes
ID_7264,31minutes
ID_2143,39minutes
ID_776,43minutes
ID_6837,35minutes
ID_1565,39minutes
ID_1323,46minutes
ID_5611,50minutes
ID_3455,46minutes
ID_2498,34minutes
ID_854,31minutes
ID_2309,42minutes
ID_1499,30minutes
ID_5910,30minutes
ID_5941,45minutes
ID_7186,55minutes
ID_6665,30minutes
ID_967,48minutes
ID_7067,36minutes
ID_2929,33minutes
ID_1291,31minutes
ID_2518,30minutes
ID_5161,30minutes
ID_3933,33minutes
ID_3057,30minutes
ID_4250,30minutes
ID_7751,49minutes
ID_6367,36minutes
ID_6483,40minutes
ID_1327,42minutes
ID_3187,37minutes
ID_2767,59minutes
ID_2469,30minutes
ID_778,30minutes
ID_7721,30minutes
ID_5643,35minutes
ID_7141,30minutes
ID_6904,36minutes
ID_5559,31minutes
ID_1487,31minutes
ID_6885,37minutes
ID_745,36minutes
ID_6507,42minutes
ID_4803,33minutes
ID_5148,42minutes
ID_2907,40minutes
ID_2939,30minutes
ID_7050,40minutes
ID_6862,50minutes
ID_1132,42minutes
ID_6380,31minutes
ID_6513,30minutes
ID_6541,40minutes
ID_7927,40minutes
ID_4772,31minutes
ID_7035,47minutes
ID_4889,39minutes
ID_7142,34minutes
ID_6727,30minutes
ID_1015,31minutes
ID_5008,34minutes
ID_6032,34minutes
ID_2589,41minutes
ID_4308,31minutes
ID_7108,35minutes
ID_5546,31minutes
ID_7832,43minutes
ID_2040,31minutes
ID_8126,57minutes
ID_6189,33minutes
ID_8600,33minutes
ID_208,38minutes
ID_4829,30minutes
ID_2582,31minutes
ID_8485,37minutes
ID_6522,45minutes
ID_4154,38minutes
ID_4415,31minutes
ID_5732,48minutes
ID_6396,38minutes
ID_4991,42minutes
ID_5717,30minutes
ID_2479,30minutes
ID_2019,30minutes
ID_8558,30minutes
ID_311,34minutes
ID_3425,49minutes
ID_4290,40minutes
ID_3108,29minutes
ID_1132,31minutes
ID_3177,30minutes
ID_2743,33minutes
ID_2531,37minutes
ID_4073,50minutes
ID_3768,59minutes
ID_1608,34minutes
ID_4184,33minutes
ID_8152,31minutes
ID_1698,62minutes
ID_2483,31minutes
ID_7391,30minutes
ID_1176,34minutes
ID_6444,30minutes
ID_4635,43minutes
ID_6840,31minutes
ID_8490,33minutes
ID_1603,34minutes
ID_1515,33minutes
ID_988,43minutes
ID_3191,44minutes
ID_755,30minutes
ID_2902,30minutes
ID_2577,44minutes
ID_4154,49minutes
ID_6878,33minutes
ID_5903,58minutes
ID_7999,37minutes
ID_8559,50minutes
ID_529,41minutes
ID_4557,35minutes
ID_5091,42minutes
ID_6317,30minutes
ID_3736,30minutes
ID_4265,34minutes
ID_5434,47minutes
ID_1112,30minutes
ID_6492,30minutes
ID_4069,42minutes
ID_463,42minutes
ID_930,43minutes
ID_3816,42minutes
ID_3230,76minutes
ID_3529,33minutes
ID_8267,55minutes
ID_5856,30minutes
ID_4261,33minutes
ID_7379,42minutes
ID_578,34minutes
ID_3063,33minutes
ID_8604,43minutes
ID_3602,37minutes
ID_2074,30minutes
ID_2405,43minutes
ID_5084,44minutes
ID_8594,30minutes
ID_6226,43minutes
ID_3261,38minutes
ID_1618,31minutes
ID_7320,30minutes
ID_3907,41minutes
ID_451,47minutes
ID_5687,41minutes
ID_1036,50minutes
ID_3483,46minutes
ID_3190,30minutes
ID_2833,30minutes
ID_1002,33minutes
ID_3288,43minutes
ID_7564,36minutes
ID_6228,33minutes
ID_7750,45minutes
ID_7284,38minutes
ID_3190,44minutes
ID_381,33minutes
ID_2735,30minutes
ID_1045,30minutes
ID_394,46minutes
ID_5540,31minutes
ID_6764,30minutes
ID_474,30minutes
ID_6202,43minutes
ID_1342,39minutes
ID_4541,30minutes
ID_285,41minutes
ID_3867,31minutes
ID_2263,48minutes
ID_3272,46minutes
ID_5207,30minutes
ID_3715,37minutes
ID_6456,45minutes
ID_3629,31minutes
ID_8622,37minutes
ID_5945,50minutes
ID_5542,47minutes
ID_3116,30minutes
ID_6802,34minutes
ID_3608,30minutes
ID_6013,36minutes
ID_3970,29minutes
ID_1109,30minutes
ID_3266,30minutes
ID_3871,30minutes
ID_7210,47minutes
ID_752,36minutes
ID_8376,30minutes
ID_3969,36minutes
ID_6683,40minutes
ID_1272,50minutes
ID_2455,30minutes
ID_257,31minutes
ID_6700,42minutes
ID_7877,71minutes
ID_167,41minutes
ID_2161,39minutes
ID_7426,47minutes
ID_5030,47minutes
ID_2547,33minutes
ID_553,44minutes
ID_379,31minutes
ID_8198,46minutes
ID_8193,35minutes
ID_1563,30minutes
ID_4590,66minutes
ID_3916,42minutes
ID_5006,31minutes
ID_1272,30minutes
ID_2997,87minutes
ID_4661,30minutes
ID_3420,30minutes
ID_1502,78minutes
ID_245,44minutes
ID_4177,30minutes
ID_1229,30minutes
ID_7999,31minutes
ID_5179,38minutes
ID_3302,30minutes
ID_7396,31minutes
ID_3124,30minutes
ID_6546,34minutes
ID_1791,31minutes
ID_8209,39minutes
ID_1310,61minutes
ID_1629,30minutes
ID_1982,31minutes
ID_8613,39minutes
ID_2301,30minutes
ID_3255,31minutes
ID_5538,43minutes
ID_4804,30minutes
ID_5118,38minutes
ID_7812,30minutes
ID_6680,30minutes
ID_3423,37minutes
ID_5910,41minutes
ID_1634,31minutes
ID_4121,40minutes
ID_4371,30minutes
ID_784,36minutes
ID_8269,30minutes
ID_5386,46minutes
ID_6194,29minutes
ID_7022,49minutes
ID_2121,36minutes
ID_3820,30minutes
ID_629,43minutes
ID_8328,47minutes
ID_2795,36minutes
ID_6199,27minutes
ID_6453,30minutes
ID_6274,40minutes
ID_4922,33minutes
ID_6179,46minutes
ID_438,30minutes
ID_5540,30minutes
ID_3369,33minutes
ID_5538,33minutes
ID_7418,48minutes
ID_8181,40minutes
ID_3786,30minutes
ID_6549,30minutes
ID_2287,30minutes
ID_2083,31minutes
ID_694,30minutes
ID_5138,62minutes
ID_927,33minutes
ID_6873,45minutes
ID_5138,51minutes
ID_121,42minutes
ID_3376,47minutes
ID_1599,29minutes
ID_3264,30minutes
ID_233,30minutes
ID_3691,49minutes
ID_7446,30minutes
ID_2354,39minutes
ID_5014,30minutes
ID_7685,31minutes
ID_6904,31minutes
ID_2873,37minutes
ID_6712,47minutes
ID_2705,46minutes
ID_3759,30minutes
ID_5448,69minutes
ID_4748,57minutes
ID_8064,30minutes
ID_4296,48minutes
ID_6971,53minutes
ID_4715,30minutes
ID_6911,35minutes
ID_2000,42minutes
ID_8531,31minutes
ID_8633,30minutes
ID_4568,36minutes
ID_4495,30minutes
ID_3975,31minutes
ID_253,30minutes
ID_3598,31minutes
ID_6366,45minutes
ID_8531,30minutes
ID_7327,49minutes
ID_6485,33minutes
ID_6338,30minutes
ID_2551,47minutes
ID_5034,30minutes
ID_1715,36minutes
ID_7351,34minutes
ID_7858,30minutes
ID_4194,30minutes
ID_7625,34minutes
ID_4269,37minutes
ID_6282,34minutes
ID_7402,45minutes
ID_1463,35minutes
ID_6139,37minutes
ID_1765,31minutes
ID_6440,31minutes
ID_7790,30minutes
ID_3194,36minutes
ID_8115,30minutes
ID_6550,33minutes
ID_4288,43minutes
ID_1509,45minutes
ID_3315,30minutes
ID_7593,30minutes
ID_6068,34minutes
ID_6769,44minutes
ID_2674,38minutes
ID_8501,30minutes
ID_50,46minutes
ID_4359,31minutes
ID_375,47minutes
ID_7184,30minutes
ID_1944,30minutes
ID_8566,44minutes
ID_4035,38minutes
ID_5273,37minutes
ID_6915,32minutes
ID_3041,30minutes
ID_4130,31minutes
ID_1627,49minutes
ID_3098,51minutes
ID_4386,31minutes
ID_720,34minutes
ID_3139,54minutes
ID_5580,40minutes
ID_575,36minutes
ID_5651,46minutes
ID_843,32minutes
ID_1487,30minutes
ID_6633,30minutes
ID_6411,45minutes
ID_6107,34minutes
ID_2828,34minutes
ID_7198,42minutes
ID_7200,30minutes
ID_5400,33minutes
ID_4918,59minutes
ID_5186,42minutes
ID_5883,34minutes
ID_6412,33minutes
ID_8534,30minutes
ID_6151,49minutes
ID_5566,33minutes
ID_8028,30minutes
ID_5918,45minutes
ID_6951,48minutes
ID_3790,31minutes
ID_1280,30minutes
ID_4477,59minutes
ID_3955,40minutes
ID_7567,49minutes
ID_2477,43minutes
ID_8051,44minutes
ID_4736,34minutes
ID_2851,30minutes
ID_7164,41minutes
ID_1709,31minutes
ID_919,30minutes
ID_5113,31minutes
ID_387,30minutes
ID_137,39minutes
ID_4591,39minutes
ID_1004,39minutes
ID_617,48minutes
ID_2883,43minutes
ID_180,45minutes
ID_3292,38minutes
ID_2356,30minutes
ID_8457,44minutes
ID_4682,48minutes
ID_5498,31minutes
ID_7592,59minutes
ID_8119,40minutes
ID_3203,30minutes
ID_6026,58minutes
ID_3935,62minutes
ID_5177,30minutes
ID_3270,39minutes
ID_7585,31minutes
ID_6146,39minutes
ID_7450,30minutes
ID_3969,36minutes
ID_4654,36minutes
ID_2392,32minutes
ID_30,36minutes
ID_4265,43minutes
ID_7873,30minutes
ID_6366,34minutes
ID_8385,31minutes
ID_8060,43minutes
ID_7621,30minutes
ID_4906,31minutes
ID_4562,31minutes
ID_6279,35minutes
ID_6926,39minutes
ID_67,44minutes
ID_8434,45minutes
ID_8306,30minutes
ID_2693,47minutes
ID_7875,31minutes
ID_7194,37minutes
ID_1008,49minutes
ID_146,35minutes
ID_2402,30minutes
ID_4594,34minutes
ID_8279,40minutes
ID_4974,68minutes
ID_7295,33minutes
ID_2301,45minutes
ID_4654,53minutes
ID_574,41minutes
ID_3002,49minutes
ID_2363,44minutes
ID_8167,30minutes
ID_5544,37minutes
ID_7237,34minutes
ID_3581,34minutes
ID_7851,47minutes
ID_263,29minutes
ID_7339,34minutes
ID_2338,30minutes
ID_2572,40minutes
ID_5422,43minutes
ID_5163,30minutes
ID_2660,35minutes
ID_3370,53minutes
ID_6749,41minutes
ID_1518,49minutes
ID_1919,30minutes
ID_3606,39minutes
ID_12,30minutes
ID_5101,36minutes
ID_3623,51minutes
ID_3201,30minutes
ID_841,30minutes
ID_4814,30minutes
ID_2840,32minutes
ID_4033,53minutes
ID_8241,52minutes
ID_6259,30minutes
ID_720,34minutes
ID_897,31minutes
ID_5111,35minutes
ID_2119,31minutes
ID_1437,30minutes
ID_5575,53minutes
ID_8606,45minutes
ID_7698,30minutes
ID_5439,33minutes
ID_4531,50minutes
ID_4936,38minutes
ID_5907,42minutes
ID_7631,30minutes
ID_4908,58minutes
ID_364,30minutes
ID_7809,39minutes
ID_6397,36minutes
ID_7785,42minutes
ID_5631,30minutes
ID_4497,30minutes
ID_3927,34minutes
ID_1310,65minutes
ID_3502,33minutes
ID_7387,33minutes
ID_2483,30minutes
ID_2424,31minutes
ID_2813,31minutes
ID_3969,30minutes
ID_7960,30minutes
ID_3958,34minutes
ID_5502,33minutes
ID_5538,30minutes
ID_6854,47minutes
ID_8409,30minutes
ID_5119,56minutes
ID_4654,36minutes
ID_1919,39minutes
ID_6755,45minutes
ID_7298,31minutes
ID_238,64minutes
ID_3694,53minutes
ID_8396,54minutes
ID_6771,44minutes
ID_2965,30minutes
ID_4928,45minutes
ID_1601,59minutes
ID_3005,54minutes
ID_4524,31minutes
ID_1765,48minutes
ID_5266,36minutes
ID_1873,34minutes
ID_2082,59minutes
ID_3771,44minutes
ID_4625,46minutes
ID_1784,30minutes
ID_198,33minutes
ID_211,33minutes
ID_3042,40minutes
ID_225,40minutes
ID_6229,52minutes
ID_3994,40minutes
ID_8110,36minutes
ID_1687,34minutes
ID_3394,45minutes
ID_4959,34minutes
ID_6757,31minutes
ID_157,30minutes
ID_6396,31minutes
ID_8307,50minutes
ID_374,30minutes
ID_4800,55minutes
ID_2091,30minutes
ID_5250,33minutes
ID_4652,44minutes
ID_4514,30minutes
ID_7951,41minutes
ID_299,29minutes
ID_2360,46minutes
ID_204,30minutes
ID_1624,30minutes
ID_2289,31minutes
ID_2387,31minutes
ID_2163,31minutes
ID_6287,31minutes
ID_718,36minutes
ID_4558,33minutes
ID_1341,49minutes
ID_4884,36minutes
ID_393,33minutes
ID_8279,34minutes
ID_1487,30minutes
ID_8220,49minutes
ID_6070,41minutes
ID_1312,39minutes
ID_8578,33minutes
ID_4690,61minutes
ID_3970,30minutes
ID_1970,30minutes
ID_2772,30minutes
ID_6780,30minutes
ID_8390,39minutes
ID_6197,46minutes
ID_1604,47minutes
ID_5985,30minutes
ID_1357,47minutes
ID_5772,30minutes
ID_2311,31minutes
ID_1689,36minutes
ID_2392,30minutes
ID_2294,34minutes
ID_6969,30minutes
ID_8170,36minutes
ID_113,31minutes
ID_223,30minutes
ID_5016,38minutes
ID_1988,44minutes
ID_6097,30minutes
ID_2436,34minutes
ID_8349,33minutes
ID_16,51minutes
ID_8461,37minutes
ID_3884,63minutes
ID_2923,34minutes
ID_3169,59minutes
ID_5071,30minutes
ID_5609,45minutes
ID_127,39minutes
ID_3369,39minutes
ID_8408,29minutes
ID_412,30minutes
ID_5448,63minutes
ID_8156,30minutes
ID_6969,31minutes
ID_3525,38minutes
ID_4339,37minutes
ID_4053,30minutes
ID_2652,30minutes
ID_5811,30minutes
ID_6787,56minutes
ID_2351,39minutes
ID_3433,36minutes
ID_2255,51minutes
ID_2918,53minutes
ID_4317,34minutes
ID_3371,31minutes
ID_5995,60minutes
ID_1893,61minutes
ID_4480,30minutes
ID_5440,30minutes
ID_1113,30minutes
ID_2986,34minutes
ID_7948,30minutes
ID_6504,37minutes
ID_1707,31minutes
ID_3628,36minutes
ID_2236,33minutes
ID_1122,35minutes
ID_7271,38minutes
ID_6264,33minutes
ID_7336,35minutes
ID_685,41minutes
ID_1670,38minutes
ID_4673,41minutes
ID_8517,32minutes
ID_4643,30minutes
ID_5227,49minutes
ID_1649,37minutes
ID_2166,31minutes
ID_2562,30minutes
ID_2387,51minutes
ID_7611,43minutes
ID_2225,37minutes
ID_6960,30minutes
ID_7432,31minutes
ID_3091,30minutes
ID_3766,30minutes
ID_4137,30minutes
ID_4896,31minutes
ID_3243,36minutes
ID_1722,45minutes
ID_1779,45minutes
ID_4506,30minutes
ID_8393,31minutes
ID_8457,44minutes
ID_1476,31minutes
ID_6426,75minutes
ID_5792,45minutes
ID_2209,34minutes
ID_2743,50minutes
ID_1087,33minutes
ID_1705,30minutes
ID_645,33minutes
ID_6867,34minutes
ID_8146,41minutes
ID_4113,39minutes
ID_6899,35minutes
ID_3471,30minutes
ID_1886,45minutes
ID_7750,41minutes
ID_6149,31minutes
ID_4982,59minutes
ID_3361,39minutes
ID_8369,37minutes
ID_2649,30minutes
ID_5172,34minutes
ID_1592,39minutes
ID_3439,55minutes
ID_2841,33minutes
ID_3706,30minutes
ID_6115,30minutes
ID_393,31minutes
ID_3974,38minutes
ID_155,39minutes
ID_5684,34minutes
ID_4304,42minutes
ID_4183,51minutes
ID_1445,43minutes
ID_2673,30minutes
ID_5599,52minutes
ID_6900,31minutes
ID_283,48minutes
ID_4903,40minutes
ID_6918,44minutes
ID_2791,31minutes
ID_3244,33minutes
ID_2786,30minutes
ID_1583,27minutes
ID_3971,31minutes
ID_3850,49minutes
ID_5400,49minutes
ID_5681,30minutes
ID_4977,42minutes
ID_4519,43minutes
ID_4866,31minutes
ID_4538,44minutes
ID_3871,65minutes
ID_4008,70minutes
ID_8169,31minutes
ID_6498,34minutes
ID_1051,55minutes
ID_7564,30minutes
ID_1232,30minutes
ID_7702,43minutes
ID_7313,43minutes
ID_6949,49minutes
ID_6834,31minutes
ID_230,41minutes
ID_5945,50minutes
ID_154,35minutes
ID_1066,35minutes
ID_3365,30minutes
ID_3862,39minutes
ID_3375,42minutes
ID_4134,30minutes
ID_4709,30minutes
ID_2627,31minutes
ID_325,31minutes
ID_2876,31minutes
ID_3205,34minutes
ID_6900,45minutes
ID_2729,42minutes
ID_8177,39minutes
ID_5292,34minutes
ID_686,36minutes
ID_646,33minutes
ID_6310,40minutes
ID_5785,31minutes
ID_3037,41minutes
ID_2402,49minutes
ID_1354,39minutes
ID_3780,39minutes
ID_4142,30minutes
ID_8302,36minutes
ID_1512,44minutes
ID_130,30minutes
ID_3504,30minutes
ID_6687,30minutes
ID_5349,44minutes
ID_7545,38minutes
ID_5730,44minutes
ID_7551,30minutes
ID_1291,37minutes
ID_7641,30minutes
ID_2604,51minutes
ID_1467,44minutes
ID_5708,34minutes
ID_3510,41minutes
ID_3679,43minutes
ID_840,30minutes
ID_321,30minutes
ID_4425,40minutes
ID_7881,37minutes
ID_5655,30minutes
ID_2733,49minutes
ID_3770,44minutes
ID_694,40minutes
ID_3956,30minutes
ID_551,30minutes
ID_3486,30minutes
ID_6689,42minutes
ID_4808,43minutes
ID_6326,41minutes
ID_3732,46minutes
ID_6829,48minutes
ID_3275,41minutes
ID_3262,31minutes
ID_4281,30minutes
ID_1297,31minutes
ID_2689,34minutes
ID_3709,41minutes
ID_827,33minutes
ID_5070,41minutes
ID_1632,30minutes
ID_3963,30minutes
ID_5111,60minutes
ID_2998,31minutes
ID_2017,30minutes
ID_7767,30minutes
ID_8531,35minutes
ID_2097,31minutes
ID_332,41minutes
ID_4246,35minutes
ID_500,33minutes
ID_4943,30minutes
ID_2406,38minutes
ID_6416,30minutes
ID_2736,40minutes
ID_4798,28minutes
ID_5343,34minutes
ID_3294,33minutes
ID_7501,58minutes
ID_4842,36minutes
ID_4405,52minutes
ID_4385,31minutes
ID_1715,31minutes
ID_8382,35minutes
ID_1572,31minutes
ID_3970,50minutes
ID_1567,31minutes
ID_5125,43minutes
ID_5318,39minutes
ID_7930,44minutes
ID_6568,39minutes
ID_5885,34minutes
ID_5905,53minutes
ID_2962,36minutes
ID_7287,45minutes
ID_1343,49minutes
ID_1784,33minutes
ID_1395,45minutes
ID_1046,30minutes
ID_5635,30minutes
ID_4371,32minutes
ID_908,33minutes
ID_3418,39minutes
ID_6342,30minutes
ID_8495,33minutes
ID_7122,59minutes
ID_2475,40minutes
ID_1595,39minutes
